filename,artist,Artist Info,Title,Dated,Classification,Medium,Dimensions,Credit,Page,Slide
q,q,q,q,q,q,q,q,q,1,1
A30080.jpg,George Catlin,"American, 1796 - 1872","The White Cloud, Head Chief of the Iowas",1844/1845,Painting,oil on canvas,overall: 71 x 58 cm (27 15/16 x 22 13/16 in.),Paul Mellon Collection,1,1
IAD-20140514-0041.jpg,Fred Hassebrock,"American, active c. 1935",Star and Flag Design Quilt,c. 1941,Index of American Design,watercolor and graphite on paper,overall: 50.7 x 40.8 cm (19 15/16 x 16 1/16 in.),Index of American Design,1,2
A13038.jpg,Robert Peckham,"American, 1785 - 1877",The Hobby Horse,c. 1840,Painting,oil on canvas,overall: 103.5 x 101.6 cm (40 3/4 x 40 in.) framed: 120 x 116.8 x 8.8 cm (47 1/4 x 46 x 3 7/16 in.),Gift of Edgar William and Bernice Chrysler Garbisch,1,3
A30470.jpg,George Catlin,"American, 1796 - 1872",The Female Eagle - Shawano,1830,Painting,oil on canvas,overall: 72.2 x 59 cm (28 7/16 x 23 1/4 in.) framed: 81.3 x 67.9 cm (32 x 26 3/4 in.),Paul Mellon Collection,1,4
R-20120829-0033.jpg,Timothy Cole,"American, 1852 - 1931",Abraham Lincoln,1919,Print,wood engraving,Rosenwald Collection,1943.3.2793,1,5
R-20121113-0029.jpg,Joseph Pennell,"American, 1857 - 1926",Hail America,1909,Print,mezzotint,"Gift of Mrs. Jane C. Carey in memory of her mother, Mrs. Addie Burr Clark",1951.13.18,1,6
A39862.jpg,American 19th Century,Farmhouse in Mahantango Valley,late 19th century,Painting,oil on canvas,overall: 75 x 72.1 cm (29 1/2 x 28 3/8 in.) framed: 90.1 x 89.2 x 5.5 cm (35 1/2 x 35 1/8 x 2 3/16 in.),Gift of Edgar William and Bernice Chrysler Garbisch,1953.5.94,1,7
G-001527-20111110.jpg,George Catlin,"American, 1796 - 1872","Chief of the Taensa Indians Receiving La Salle. March 20, 1682",1847/1848,Painting,oil on canvas,overall: 42 x 60.3 cm (16 9/16 x 23 3/4 in.),Paul Mellon Collection,1,8
IAD-20140618-0019.jpg,Vera Van Voris,"American, active c. 1935","Puppet - ""Cotton Picker""",c. 1936,Index of American Design,"watercolor, graphite, and gouache on paper","overall: 35.4 x 28.1 cm (13 15/16 x 11 1/16 in.) Original IAD Object: 40"" high",Index of American Design,1,9
A15504.jpg,Thomas Eakins,"American, 1844 - 1916","Study for ""Negro Boy Dancing"": The Banjo Player",probably 1877,Painting,oil on canvas on cardboard,overall: 49.5 x 37.9 cm (19 1/2 x 14 15/16 in.) framed: 57.9 x 45.7 x 3.5 cm (22 13/16 x 18 x 1 3/8 in.),Collection of Mr. and Mrs. Paul Mellon,1,10
R-20120803-0076.jpg,Robert Shaw,"American, 1859 - 1912",The Alamo,1905,Print,etching,image: 199 x 319 mm (not including remarque) primary sheet: 238 x 343 mm secondary sheet: 392 x 511 mm,"Reba and Dave Williams Collection, Gift of Reba and Dave Williams",1,11
IAD-20130923-0038.jpg,Gilbert Sackerman,"American, active c. 1935",Side Chair,1935/1942,Index of American Design,"watercolor, colored pencil, and graphite on paperboard",overall: 28.9 x 22.8 cm (11 3/8 x 9 in.) Original IAD Object: none available,Index of American Design,1,12
IAD-20140401-0090.jpg,Randolph F. Miller,"American, active c. 1935",Mission Bench,c. 1936,Index of American Design,"watercolor, colored pencil, pen and ink, and graphite on paper",overall: 34.9 x 26.5 cm (13 3/4 x 10 7/16 in.) Original IAD Object: not available. See remarks.,Index of American Design,1,13
IAD-20140108-0058.jpg,Irene Lawson,"American, active c. 1935",Brooch,c. 1939,Index of American Design,pen and ink and watercolor on paperboard,overall: 23 x 29.2 cm (9 1/16 x 11 1/2 in.),Index of American Design,1,14
R-20160210-0038.jpg,Honor� Daumier,"French, 1808 - 1879",Lecteur du moniteur,19th century,Print,lithograph,Corcoran Collection (Gift of Dr. Armand Hammer),2015.143.300,1,15
R-20100125-0052.jpg,Thomas Rowlandson,"British, 1756 - 1827",The Successful Fortune Hunter,1812,Print,hand-colored etching,Gift of Addie Burr Clark,1946.9.237,1,16
IAD-20131231-0048.jpg,Ray Price,"American, active c. 1935",Cast Iron Fence Railing,c. 1936,Index of American Design,pen and ink on paper,overall: 23 x 30.7 cm (9 1/16 x 12 1/16 in.),Index of American Design,1,17
IAD-20140203-0095.jpg,Lloyd Charles Lemcke,"American, active c. 1935",Table Lamp,1939,Index of American Design,"watercolor, graphite, and colored pencil on paperboard","overall: 40.7 x 30.6 cm (16 x 12 1/16 in.) Original IAD Object: 15 1/4"" high; 5"" wide",Index of American Design,1,18
R-20111019-0049.jpg,Francesco Bartolozzi after Robert Walker,"Italian, 1727 - 1815",Oliver Cromwell,Print,stipple engraving,Gift of Hermann Wunderlich,1951.3.11,Rapid Capture,1,19
IAD-20140508-0031.jpg,Inez McCombs,"American, active c. 1935",Patchwork from Spread (Quilt),c. 1939,Index of American Design,watercolor and graphite on paper,overall: 44.4 x 22.1 cm (17 1/2 x 8 11/16 in.),Index of American Design,1,20
IAD-20130806-0016.jpg,Salvatore Borrazzo,"American, active c. 1935",Jug,1935/1942,Index of American Design,"watercolor, gouache, and colored pencil on paperboard","overall: 29 x 21.9 cm (11 7/16 x 8 5/8 in.) Original IAD Object: 15"" high; 5"" diameter of base",Index of American Design,1,21
R-20091110-0051.jpg,Samuel Prout,"British, 1783 - 1852",Sion,c. 1830,Drawing,graphite with white heightening on gray paper,overall: 37 x 25.8 cm (14 9/16 x 10 3/16 in.),Gift of Miss Ellen T. Bullard,1,22
R-20091113-0002.jpg,John Flaxman,"British, 1755 - 1826",Sheet of Studies [recto and verso],in or after 1801,Drawing,graphite,overall: 20.3 x 15.5 cm (8 x 6 1/8 in.),Rosenwald Collection,1,23
R-20100405-0044.jpg,Jacques Callot,"French, 1592 - 1635",The Slave Market,1620,Print,etching,R.L. Baumfeld Collection,1969.15.401,1,24
IAD-20140228-0099.jpg,Henry Meyers,"American, active c. 1935",Pewter Ladle,c. 1936,Index of American Design,watercolor and graphite on paper,overall: 29.1 x 22.2 cm (11 7/16 x 8 3/4 in.),Index of American Design,1,25
INITIALIZING,artist,artistino,tit,dated,classif,medium,dimensions,credit,2,1
RS-20170306-0020.jpg,Petrecino,"Italian, active 1460",Hexogonal Font in a Landscape [reverse],1460,Sculpture,lead,Samuel H. Kress Collection,1957.14.628.b,2,1
IAD-20140311-0042.jpg,Elizabeth Moutal,"American, active c. 1935",Collar,c. 1936,Index of American Design,watercolor and graphite on paper,overall: 23.2 x 30.4 cm (9 1/8 x 11 15/16 in.),Index of American Design,2,2
R-20100416-0021.jpg,Jacques Callot,"French, 1592 - 1635",Saint Jerome,Print,etching,Rosenwald Collection,1949.5.419,Rapid Capture,2,3
R-20100503-0005.jpg,Jacques Callot,"French, 1592 - 1635",Taking of Bone,c. 1614,Print,engraving,R.L. Baumfeld Collection,1969.15.352,2,4
R-20100719-0076.jpg,Honor� Daumier,"French, 1808 - 1879",Une Promotion,1845,Print,lithograph on newsprint,Ailsa Mellon Bruce Fund,1979.49.92,2,5
R-20111230-0055.jpg,Wenceslaus Hollar,"Bohemian, 1607 - 1677",Ancilla Argentinensis,1643,Print,etching,Rosenwald Collection,1943.3.5006,2,6
RS-20170907-0011.jpg,Pierre II Woeiriot de Bouzey,"French, 1532 - 1599","Charles IX, 1550-1574, King of France 1560 [obverse]",1572,Sculpture,bronze,overall (diameter): 4.69 cm (1 7/8 in.) gross weight: 58.12 gr (0.128 lb.) axis: 12:00,Gift of Lisa and Leonard Baskin,2,7
R-20100929-0067.jpg,German 15th Century,Pilate Washing His Hands [recto],c. 1440/1450,Print,"woodcut, hand-colored in lavender, rose, green, yellow, brown, blue, and red",sheet (trimmed to plate mark): 7.2 x 5.5 cm (2 13/16 x 2 3/16 in.),Rosenwald Collection,1943.3.858.a,2,8
R-20120103-0019.jpg,Wenceslaus Hollar,"Bohemian, 1607 - 1677",Mulier Generosa Anglica,1643,Print,etching,Rosenwald Collection,1943.3.5036,2,9
R-20160223-0076.jpg,Honor� Daumier,"French, 1808 - 1879",Ayant enfin trouv� le moyen d'ultiliser leurs loisirs!,19th century,Print,lithograph,Corcoran Collection (Gift of Dr. Armand Hammer),2015.143.606,2,10
RS-20171116-0020.jpg,Thomas Simon,"English, 1618 - 1665","King Charles II Enthroned, being Crowned by Peace [reverse]",1661,Sculpture,silver washed with gold,overall (diameter): 3 cm (1 3/16 in.) gross weight: 8.36 gr (0.018 lb.) axis: 12:00,Gift of Lisa and Leonard Baskin,2,11
R-20160510-0045.jpg,James McNeill Whistler,"American, 1834 - 1903",Fumette,1858,Print,etching in black on wove paper,plate: 16.03 � 10.8 cm (6 5/16 � 4 1/4 in.) sheet: 21.43 � 13.97 cm (8 7/16 � 5 1/2 in.),Corcoran Collection,2,12
R-20120322-0009.jpg,Winslow Homer,"American, 1836 - 1910",Carrying the Wounded,1865,Drawing,graphite on wove paper,sheet: 19.4 � 35.5 cm (7 5/8 � 14 in.),"Gift of Dr. Edmund Louis Gray Zalinski, II",2,13
IAD-20140331-0062.jpg,E. Boyd,"American, active c. 1935",Crucifix - From the Vicinity of Mora,1935/1942,Index of American Design,"watercolor, gouache, and graphite on paperboard",overall: 36.6 x 28.6 cm (14 7/16 x 11 1/4 in.) Original IAD Object: none given,Index of American Design,2,14
IAD-20140502-0032.jpg,Lena Nastasi,"American, active c. 1935",Needlework,c. 1936,Index of American Design,pen and ink on paper,overall: 27.9 x 22.9 cm (11 x 9 in.),Index of American Design,2,15
R-20160519-0014.jpg,Julian Alden Weir,"American, 1852 - 1919",Boats at Peel�Isle of Man,1889,Print,etching in black on laid paper,sheet (trimmed to platemark): 24.45 � 19.69 cm (9 5/8 � 7 3/4 in.),"Corcoran Collection (Museum Purchase, Mary E. Maxwell Fund)",2,16
IAD-20140324-0077.jpg,Lawrence Flynn,"American, 1900 - 1973",Silver Tankard: Detail,c. 1936,Index of American Design,pen and ink on paper,overall: 35.4 x 25.1 cm (13 15/16 x 9 7/8 in.),Index of American Design,2,17
IAD-20131031-0003.jpg,James Fisher,"American, active c. 1935",Rocking Chair,c. 1942,Index of American Design,"watercolor, gouache, colored pencil, and pen and ink on paperboard","overall: 46 x 35.8 cm (18 1/8 x 14 1/8 in.) Original IAD Object: 41 1/2""high; 21 1/2""wide; rockers, 33 1/2""long. See data sh. for dets.",Index of American Design,2,18
IAD-20140507-0007.jpg,Raymond Manupelli,"American, active c. 1935",Child's Dress (Section),c. 1938,Index of American Design,watercolor and pen and ink on paper,"overall: 28.7 x 22.7 cm (11 5/16 x 8 15/16 in.) Original IAD Object: 15"" wide; 23"" long",Index of American Design,2,19
INITIALIZING,artist,artistino,tit,dated,classif,medium,dimensions,credit,3,1
IAD-20131206-0081.jpg,V.L. Vance,"American, active c. 1935",Amethyst Glass Bowl,c. 1940,Index of American Design,watercolor and graphite on paper,overall: 25.2 x 24.6 cm (9 15/16 x 9 11/16 in.),Index of American Design,3,1
R-20100730-0019.jpg,Eug�ne Delacroix,"French, 1798 - 1863",Duel Polemique,1821,Print,lithograph,Gift of Frank Anderson Trapp,2002.57.12,3,2
IAD-20131230-0055.jpg,Henrietta S. Hukill,"American, active c. 1935",Tailor's Goose Iron,c. 1939,Index of American Design,"watercolor, graphite, and gouache on paperboard",overall: 23.9 x 35.6 cm (9 7/16 x 14 in.),Index of American Design,3,3
A16552.jpg,Louis-L�opold Boilly,"French, 1761 - 1845",The Card Sharp on the Boulevard,1806,Painting,oil on wood,overall: 24 x 33 cm (9 7/16 x 13 in.) framed: 40.3 x 48.3 x 5.1 cm (15 7/8 x 19 x 2 in.),Gift of Victoria and Roger Sant,3,4
R-20100729-0053.jpg,Charles Maurand after Honor� Daumier,"French, active 1863/1881",Photographes et photographies,1862,Print,wood engraving,Gift of Arthur and Charlotte Vershbow,1978.82.9,3,5
IAD-20131119-0001.jpg,Frank Wenger,"American, active c. 1935",Table,c. 1937,Index of American Design,graphite on paper,"overall: 28.2 x 22.4 cm (11 1/8 x 8 13/16 in.) Original IAD Object: 28""x32""diameter",Index of American Design,3,6
R-20100713-0045.jpg,Fran�ois-Nicolas Chifflart,"French, 1825 - 1901",Surprise,1865,Print,etching with drypoint on laid paper,overall: 23.9 x 31.9 cm (9 7/16 x 12 9/16 in.),Ailsa Mellon Bruce Fund,3,7
IAD-20130909-0005.jpg,Verna Tallman,"American, active c. 1935",Carved Wooden Indian,1935/1942,Index of American Design,"watercolor, graphite, colored pencil, and heightening on paperboard",overall: 31.1 x 23.5 cm (12 1/4 x 9 1/4 in.),Index of American Design,3,8
G-001754-20121025.jpg,American 18th Century,Boy with a Basket of Fruit,c. 1790,Painting,oil on canvas,overall: 57 x 43.9 cm (22 7/16 x 17 5/16 in.) framed: 67.3 x 54.3 x 6.3 cm (26 1/2 x 21 3/8 x 2 1/2 in.),Gift of Edgar William and Bernice Chrysler Garbisch,1971.83.13,3,9
IAD-20140728-0004.jpg,Ray Caswell,"American, active c. 1935",Renderings of Stone (Demo.),1935/1942,Index of American Design,watercolor and graphite on paperboard,overall: 35.6 x 26.6 cm (14 x 10 1/2 in.),Index of American Design,3,10
IAD-20130829-0072.jpg,Frank Gray,"American, active c. 1935",Door Knocker,c. 1940,Index of American Design,watercolor and graphite on paperboard,overall: 42.5 x 34.7 cm (16 3/4 x 13 11/16 in.),Index of American Design,3,11
R-20091118-0057.jpg,Louis Durameau,"French, 1733 - 1796",A Game of Cards,1767,Drawing,pen and brown ink with brown wash and white heightening over graphite on laid paper,overall: 17.6 x 23.3 cm (6 15/16 x 9 3/16 in.),Gift of Lewis Einstein,3,12
IAD-20140304-0056.jpg,Albert Geuppert,"American, active c. 1935",Lead Prospector's Ore Pick,1939,Index of American Design,watercolor and graphite on paperboard,"overall: 28 x 22.8 cm (11 x 9 in.) Original IAD Object: 7"" long; 5"" wide",Index of American Design,3,13
R-20100816-0009.jpg,Auguste Lep�re,"French, 1849 - 1918","Storm on the Dune, Vendee (L'orage sur la dune, Vendee)",Print,etching,Rosenwald Collection,1943.3.5554,Rapid Capture,3,14
R-20100121-0031.jpg,Mark Catesby,"English, 1679 - 1749",The Glass Snake (Anguis ventralis),published 1731-1743,Print,hand-colored engraving on laid paper,plate: 24.9 x 34.4 cm (9 13/16 x 13 9/16 in.) sheet: 37 x 53.8 cm (14 9/16 x 21 3/16 in.),Collection of Dr. and Mrs. George Benjamin Green,3,15
R-20100504-0003.jpg,Claude Lorrain,"French, 1604/1605 - 1682","Time, Apollo, and the Seasons (Le Temps, Apollon et les Saisons)",1662,Print,etching,Andrew W. Mellon Fund,1978.56.1,3,16
R-20100504-0003.jpg,Frances Cohen,"American, active c. 1935",Figurehead: Eagle,c. 1937,Index of American Design,gouache on paper,"overall: 27.2 x 22.6 cm (10 11/16 x 8 7/8 in.) Original IAD Object: 66"" long",Index of American Design,3,17
R-20101223-0032.jpg,Johann Gottlieb Prestel,"German, 1739 - 1808",The Adoration of the Shepherds,published 1782,Print,aquatint and etching in red-brown and black,Rosenwald Collection,1948.11.286,3,18
R-20111130-0075.jpg,Gerrit van Schagen after Jacques Callot,"Dutch, c. 1642 - 1690 or after",Plundering a Large Farmhouse,Print,etching and engraving,Ailsa Mellon Bruce Fund,1974.55.49,Rapid Capture,3,19
IAD-20140422-0038.jpg,LeRoy McCarrel,"American, active c. 1935",Spoke Cutter,1935/1942,Index of American Design,watercolor and graphite on paper,overall: 35.3 x 46 cm (13 7/8 x 18 1/8 in.),Index of American Design,3,20
IAD-20140404-0032.jpg,Herman Bader,"American, active c. 1935",Silver Mug,1935/1942,Index of American Design,graphite on paper,"overall: 22 x 18.3 cm (8 11/16 x 7 3/16 in.) Original IAD Object: 3"" wide; 5"" high",Index of American Design,3,21
IAD-20140320-0042.jpg,Michael Fenga,"American, active c. 1935",Silver Creamer,c. 1936,Index of American Design,graphite on paperboard,"overall: 29.9 x 22.6 cm (11 3/4 x 8 7/8 in.) Original IAD Object: 4 1/2"" wide; 4 1/2"" high",Index of American Design,3,22
IAD-20140324-0096.jpg,Amelia Tuccio,"American, active c. 1935",Silver Tankard,1937,Index of American Design,graphite on paper,"overall: 29.3 x 23 cm (11 9/16 x 9 1/16 in.) Original IAD Object: 8"" high; 7 1/2"" wide",Index of American Design,3,23
C11604.jpg,Sir David Wilkie,"Scottish, 1785 - 1841",A Lock,Drawing,pen and black-brown ink with gray wash on wove paper,overall: 6 x 2.8 cm (2 3/8 x 1 1/8 in.),Gift of William B. O'Neal,1995.52.208,3,24
A36090.jpg,Mary Cassatt,"American, 1844 - 1926",Mother and Child,c. 1905,Painting,oil on canvas,overall: 92.1 x 73.7 cm (36 1/4 x 29 in.) framed: 114.3 x 95.2 cm (45 x 37 1/2 in.),Chester Dale Collection,3,25
INITIALIZING,artist,artistino,tit,dated,classif,medium,dimensions,credit,4,1
R-20100823-0078.jpg,Horace Vernet,"French, 1789 - 1863",Les forcats (The Convicts),Print,lithograph,Rosenwald Collection,1964.8.1707,Rapid Capture,4,1
IAD-20131122-0064.jpg,Francis Borelli,"American, active c. 1935",Highboy,c. 1939,Index of American Design,"watercolor, colored pencil, and graphite on paperboard","overall: 57.6 x 45.6 cm (22 11/16 x 17 15/16 in.) Original IAD Object: 96""high; 44""wide; 24 1/2""deep",Index of American Design,4,2
E-001581-20120604.jpg,Frederick Carl Frieseke,"American, 1874 - 1939",Memories,1915,Painting,oil on canvas,overall: 131.5 x 130.3 cm (51 3/4 x 51 5/16 in.) framed: 148 x 148 x 5.7 cm (58 1/4 x 58 1/4 x 2 1/4 in.),Gift of Frances Frieseke Kilmer,4,3
IAD-20131112-0054.jpg,Julie C. Brush,"American, active c. 1935",Brick-a-brack Shelf,c. 1936,Index of American Design,"watercolor, colored pencil, gouache, and graphite on paper","overall: 30.5 x 23.2 cm (12 x 9 1/8 in.) Original IAD Object: Data sh. recs. there are meas. on dwg., but verso empty.",Index of American Design,4,4
IAD-20130814-0057.jpg,Nancy Crimi,"American, active c. 1935",Belt,1935/1942,Index of American Design,"watercolor, graphite, and pen and ink on paperboard",overall: 29 x 22.9 cm (11 7/16 x 9 in.),Index of American Design,4,5
IAD-20130710-0038.jpg,Charles Caseau,"American, active c. 1935",Bird Decorations for Stoneware,1935/1942,Index of American Design,"watercolor, graphite, and gouache on paperboard",overall: 40.7 x 30.5 cm (16 x 12 in.),Index of American Design,4,6
IAD-20130710-0038 (5).jpg,Charles Caseau,"American, active c. 1935",Bird Decorations for Stoneware,1935/1942,Index of American Design,"watercolor, graphite, and gouache on paperboard",overall: 40.7 x 30.5 cm (16 x 12 in.),Index of American Design,4,6
IAD-20130708-0038.jpg,Margaret Stottlemeyer,"American, active c. 1935",Stone Fruit Jar,1939,Index of American Design,watercolor and graphite on paper,"overall: 38.5 x 27.2 cm (15 3/16 x 10 11/16 in.) Original IAD Object: 8 1/4"" Tall",Index of American Design,4,7
RS-20170808-0001.jpg,Annibale Fontana,"Milanese, 1540 - 1587","Fernando Francesco II d'Avalos, c. 1530-1571, Marquess of Pescara [obverse]",Sculpture,bronze,overall (diameter): 7.2 cm (2 13/16 in.) gross weight: 125.12 gr (0.276 lb.) axis: 12:00,Samuel H. Kress Collection,1957.14.1035.a,4,8
A30672.jpg,Jan Miense Molenaer,"Dutch, c. 1610 - 1668",Self-Portrait as a Lute Player,c. 1635,Painting,oil on panel,overall: 38.7 x 32.4 cm (15 1/4 x 12 3/4 in.),The Lee and Juliet Folger Fund,4,9
R-20110506-0019.jpg,Lovis Corinth,"German, 1858 - 1925",In the Country (Auf dem Lande),1912,Print,drypoint on japan paper,plate: 20.2 x 27.1 cm (7 15/16 x 10 11/16 in.) sheet: 38.3 x 57 cm (15 1/16 x 22 7/16 in.),Gift of the Marcy Family in memory of Sigbert H. Marcy,4,10
R-20111102-0051.jpg,Lucas van Leyden,"Netherlandish, 1489/1494 - 1533",Abraham Repudiating Hagar,1516,Print,engraving,Rosenwald Collection,1943.3.5662,4,11
R-20100727-0030.jpg,Honor� Daumier,"French, 1808 - 1879",Des gens dont le soleil r�jouit peu la vue,1855,Print,lithograph,Rosenwald Collection,1958.8.64,4,12
D-20190710-0021.jpg,Master of the Cypresses,"Spanish, active 1434",Initial L,1430s,Drawing,miniature on vellum,overall: 15 x 15.8 cm (5 7/8 x 6 1/4 in.),Rosenwald Collection,4,13
IAD-20140723-0091.jpg,Benjamin Resnick,"American, active c. 1935",Trivet,c. 1938,Index of American Design,graphite on paperboard,overall: 22.6 x 28.9 cm (8 7/8 x 11 3/8 in.),Index of American Design,4,14
R-20100216-0077.jpg,David Lucas after John Constable,"British, 1802 - 1881",Stoke-by-Neyland,Print,mezzotint on laid paper [proof],plate: 17.6 x 25 cm (6 15/16 x 9 13/16 in.) sheet: 29.5 x 43.4 cm (11 5/8 x 17 1/16 in.),Paul Mellon Fund,2001.118.26,4,15
IAD-20140513-0047.jpg,Cornelius Christoffels and Margaret Linsley,"American, active c. 1935",Pieced Autograph Quilt (1 Piece),c. 1936,Index of American Design,"watercolor, gouache, pen and ink, and graphite on paper",overall: 27.6 x 22.9 cm (10 7/8 x 9 in.),Index of American Design,4,16
IAD-20140729-0026.jpg,Irving I. Smith,"American, active c. 1935",Figurehead,c. 1938,Index of American Design,watercolor and graphite on paper,"overall: 52.6 x 34.7 cm (20 11/16 x 13 11/16 in.) Original IAD Object: 83 1/2"" high",Index of American Design,4,17
A22818.jpg,Pierre Puvis de Chavannes,"French, 1824 - 1898",Rest,c. 1863,Painting,oil on canvas,overall: 108.5 x 148 cm (42 11/16 x 58 1/4 in.),Widener Collection,4,18
RS-20171027-0007.jpg,Jean D�sir� Ringel d'Illzach,"French, 1847 - 1916","Nathaniel Hawthorne, 1804-1864, Author",1892,Sculpture,bronze,overall (diameter): 17.25 cm (6 13/16 in.),Gift of David and Constance Yates in honor of Mark and Lynne Hammerschlag,4,19
R-20101015-0048.jpg,Hans Baldung Grien,"German, 1484/1485 - 1545",Apostle Judas Thaddeus,1519,Print,woodcut,Rosenwald Collection,1943.3.912,4,20
IAD-20130718-0005.jpg,Irene Lawson,"American, active c. 1935",Slipper,1935/1942,Index of American Design,pen and ink on paper,overall: 29 x 23 cm (11 7/16 x 9 1/16 in.),Index of American Design,4,21
RS-20161201-0007.jpg,Julien Gabriel Leclerc,"French, active second quarter 19th century","Eustache Le Sueur, 1617-1655, Painter [obverse]",1828,Sculpture,bronze,overall (diameter): 4.04 cm (1 9/16 in.),Gift of Faya Causey in memory of Philip Conisbee,4,22
R-20101027-0041.jpg,James McNeill Whistler,"American, 1834 - 1903",A Sketch on the Embankment,c. 1884/1886,Print,etching,Rosenwald Collection,1943.3.8576,4,23
R-20100114-0048.jpg,William Blake,"British, 1757 - 1827",The Lord Answering Job out of the Whirlwind,1825,Print,engraving,Rosenwald Collection,1943.3.1815,4,24
IAD-20140203-0027.jpg,Helen Hobart,"American, active c. 1935",Pennsylvania Fat Lamp,c. 1941,Index of American Design,graphite on paperboard,"overall: 36.9 x 27.8 cm (14 1/2 x 10 15/16 in.) Original IAD Object: 8"" high; 4 3/8"" wide",Index of American Design,4,25
INITIALIZING,artist,artistino,tit,dated,classif,medium,dimensions,credit,5,1
IAD-20140106-0066.jpg,Al Curry,"American, active c. 1935",Wrought and Cast Iron Gate,c. 1936,Index of American Design,pen and ink on paper,overall: 30.7 x 22.7 cm (12 1/16 x 8 15/16 in.),Index of American Design,5,1
R-20100329-0067.jpg,Gabriel Salmon,"French, active 1504/1542",Hercules and the Nemean Lion,Print,woodcut,Rosenwald Collection,1951.10.116,Rapid Capture,5,2
R-20100329-0067 (1).jpg,Gabriel Salmon,"French, active 1504/1542",Hercules and the Nemean Lion,Print,woodcut,Rosenwald Collection,1951.10.116,Rapid Capture,5,2
R-20100329-0067 (2).jpg,Gabriel Salmon,"French, active 1504/1542",Hercules and the Nemean Lion,Print,woodcut,Rosenwald Collection,1951.10.116,Rapid Capture,5,2
R-20100329-0067 (3).jpg,Gabriel Salmon,"French, active 1504/1542",Hercules and the Nemean Lion,Print,woodcut,Rosenwald Collection,1951.10.116,Rapid Capture,5,2
R-20100329-0067 (3).jpg,Jan Sadeler I after Crispen van den Broecke,"Flemish, 1550 - 1600",Benjamin,c. 1585,Print,hand-colored engraving on laid paper,overall (cut within platemark): 21.8 x 15 cm (8 9/16 x 5 7/8 in.),Ailsa Mellon Bruce Fund,5,4
R-20091230-0062.jpg,Attributed to Donato Creti,"Bolognese, 1671 - 1749",The Ascension of the Virgin,Drawing,pen and brown and black ink on laid paper,overall (approximate): 25.9 x 20.3 cm (10 3/16 x 8 in.),Gift of Elizabeth Miles Cooke in memory of Hereward Lester Cooke,1978.8.2,5,5
R-20101129-0013.jpg,Lucas Cranach the Elder,"German, 1472 - 1553",Saint James the Greater,Print,woodcut,Rosenwald Collection,1952.8.219,Rapid Capture,5,6
R-20150421-0022.jpg,Robert Havell after John James Audubon,"American, 1793 - 1878",Long-tailed or Dusky Grous,1837,Print,hand-colored etching and aquatint on Whatman paper,Gift of Mrs. Walter B. James,1945.8.361,5,7
IAD-20131204-0027.jpg,Beverly Chichester,"American, active c. 1935",Baptismal Bowl,c. 1939,Index of American Design,"watercolor, graphite, and pen and ink on paper",overall: 26 x 22.6 cm (10 1/4 x 8 7/8 in.),Index of American Design,5,8
IAD-20130806-0087.jpg,Aaron Fastovsky,"American, active c. 1935",Jug,c. 1938,Index of American Design,"watercolor, graphite, and gouache on paperboard","overall: 38.1 x 30.5 cm (15 x 12 in.) Original IAD Object: 8 1/4"" High 4 1/4"" Dia(base)",Index of American Design,5,9
A19859.jpg,James Bard,"American, 1815 - 1897","Steamer ""St. Lawrence""",1850,Painting,oil on canvas,overall: 73.3 x 121.9 cm (28 7/8 x 48 in.) framed: 83.8 x 132.7 x 6.3 cm (33 x 52 1/4 x 2 1/2 in.),Gift of Edgar William and Bernice Chrysler Garbisch,5,10
RSC-20181228-0005-PV_XBD.jpg,Imitator of Antonio del Pollaiuolo,Bust of a Warrior,1850/1870,Sculpture,terracotta,overall: 62.3 x 55 x 25.9 cm (24 1/2 x 21 5/8 x 10 3/16 in.),Samuel H. Kress Collection,1943.4.74,5,11
IAD-20140114-0057.jpg,John H. Tercuzzi,"American, active c. 1935",Topaz Ring,c. 1938,Index of American Design,watercolor and graphite on paper,overall: 29.5 x 22.9 cm (11 5/8 x 9 in.),Index of American Design,5,12
R-20120216-0006.jpg,F�lix Vallotton,"Swiss, 1865 - 1925",Girl Lifting Her Chemise (Fillette enlevant sa chemise),1893,Print,woodcut in black on brown wove paper,block: 4.2 x 5.8 cm (1 5/8 x 2 5/16 in.) sheet: 12.8 x 16.2 cm (5 1/16 x 6 3/8 in.),Ailsa Mellon Bruce Fund,5,13
R-20101203-0023.jpg,Johann Wilhelm Baur,"German, 1607 - 1641",Capricci di varie battaglie,1635,Print,etching on laid paper,Rosenwald Collection,1945.5.26,5,14
R-20100719-0027.jpg,Honor� Daumier,"French, 1808 - 1879",Allons donc... que diable cocher...,1843,Print,lithograph,Rosenwald Collection,1943.3.2996,5,15
IAD-20131021-0026.jpg,LeRoy Griffith,"American, active c. 1935",Rocking Chair,1940,Index of American Design,"watercolor, colored pencil, and pen and ink on paperboard","overall: 44.6 x 33.8 cm (17 9/16 x 13 5/16 in.) Original IAD Object: 38 1/2""high; 16""wide, seat front; back 13""wide. Rockers 38""long",Index of American Design,5,16
IAD-20130816-0063.jpg,Ray Price,"American, active c. 1935",Child's Dress,c. 1937,Index of American Design,graphite on paper,overall: 35 x 30.5 cm (13 3/4 x 12 in.),Index of American Design,5,17
IAD-20140714-0016.jpg,Fritz Boehmer,"American, active c. 1935",Zoar Calendar,c. 1937,Index of American Design,"watercolor, graphite, and gouache on paperboard","overall: 54.1 x 43.8 cm (21 5/16 x 17 1/4 in.) Original IAD Object: 36"" high; 18"" wide",Index of American Design,5,18
IAD-20140527-0062.jpg,Roy Weber,"American, active c. 1935",Toaster,c. 1938,Index of American Design,"watercolor, graphite, and pen and ink on paperboard","overall: 38.3 x 50.8 cm (15 1/16 x 20 in.) Original IAD Object: 17 1/2"" long; 13 1/4"" wide; 8"" high",Index of American Design,5,19
R-20100108-0057.jpg,Jacopo Chimenti,"Florentine, c. 1554 - 1610",Seated Draped Man [verso],Drawing,red chalk on laid paper,sheet: 38.2 x 24.3 cm (15 1/16 x 9 9/16 in.),"Gift of Bertha Leubsdorf in memory of her husband, Karl Leubsdorf",1984.30.1.b,5,20
IAD-20140801-0015.jpg,American 20th Century,"Plate 1: From Portfolio ""Folk Art of Rural Pennsylvania""",c. 1939,Index of American Design,screenprint on paper,overall: 46 x 35.6 cm (18 1/8 x 14 in.),Index of American Design,1943.8.18218,5,21
IAD-20140206-0061.jpg,Virginia Richards,"American, active c. 1935",Nutcracker,c. 1937,Index of American Design,"watercolor, graphite, and gouache on paperboard","overall: 28.9 x 22.7 cm (11 3/8 x 8 15/16 in.) Original IAD Object: 6 1/2"" high; 2"" in diameter",Index of American Design,5,22
R-20100513-0054.jpg,Jean-Jacques de Boissieu,"French, 1736 - 1810",Petit Bosquet au Chasseur,1772,Print,etching and drypoint,Andrew W. Mellon Fund,1976.14.1,5,23
R-20100506-0010.jpg,Robert Nanteuil,"French, 1623 - 1678",Francois de Harlay,1671,Print,engraving,Rosenwald Collection,1943.3.6494,5,24
R-20100618-0066.jpg,Odilon Redon,"French, 1840 - 1916",Maurice Denis,1903,Print,lithograph,Rosenwald Collection,1958.8.198,5,25
INITIALIZING,artist,artistino,tit,dated,classif,medium,dimensions,credit,6,1
R-20100513-0038.jpg,Anne Allen after Jean-Baptiste Pillement,"French, active 1790s",Fantastic Flowers with Peapod Leaves,1795,Print,"etching inked la poup e in green, red, blue, purple, and golden brown on pale green paper",plate: 19.4 x 13.9 cm (7 5/8 x 5 1/2 in.) sheet: 26.7 x 23.6 cm (10 1/2 x 9 5/16 in.),Ailsa Mellon Bruce Fund,6,1
IAD-20140501-0062.jpg,William Kieckhofel,"American, active c. 1935",Crazy Quilt (Stitches),c. 1937,Index of American Design,watercolor and graphite on paper,"overall: 35.5 x 26.8 cm (14 x 10 9/16 in.) Original IAD Object: 72"" wide; 84"" long",Index of American Design,6,2
R-20101129-0002.jpg,Lucas Cranach the Elder,"German, 1472 - 1553",The Resurrection,in or before 1509,Print,woodcut,Rosenwald Collection,1949.14.4,6,3
R-20180124-0012.jpg,Charles B. J. F�vret de Saint-M�min,"French, 1770 - 1852",William Henry Winder,1804,Print,mezzotint and engraving in black on wove paper mounted to brown wove paper,image (irregular): 5.72 � 5.56 cm (2 1/4 � 2 3/16 in.) sheet (trimmed to plate): 6.83 � 6.19 cm (2 11/16 � 2 7/16 in.),Corcoran Collection (Gift of William Wilson Corcoran),6,4
R-20100729-0019.jpg,Honor� Daumier,"French, 1808 - 1879","Ch�re dame, avant de nous donner...",1871,Print,gillotype on newsprint,Ailsa Mellon Bruce Fund,1979.49.210,6,5
R-20130115-0040.jpg,"James Robertson, and Felice Beato","British, 1813 - 1888",Mosque du Shah Zaidel,1857,Photograph,salted paper print,image: 29.7 � 25.6 cm (11 11/16 � 10 1/16 in.),Gift of Michael and Jane Wilson,6,6
R-20101020-0068.jpg,Hans Burgkmair I,"German, 1473 - 1531",Saint Luke Painting the Portrait of the Virgin,1507,Print,woodcut,Rosenwald Collection,1943.3.2128,6,7
IAD-20130702-0055.jpg,Mina Lowry,"American, 1894 - 1942",Pitcher,1935/1942,Index of American Design,"watercolor, graphite, and gouache on paperboard","overall: 29.2 x 23 cm (11 1/2 x 9 1/16 in.) Original IAD Object: 8"" High 3 1/2"" Dia(base)",Index of American Design,6,8
R-20100331-0079.jpg,Jacques Callot,"French, 1592 - 1635","Gentleman in Large Mantle, Seen from Behind",c. 1617,Print,etching,Rosenwald Collection,1949.5.120,6,9
IAD-20140618-0018.jpg,Emile Cero,"American, active c. 1935","""Bell Hop"" Marionette",c. 1938,Index of American Design,"watercolor, graphite, and pen and ink on paper","overall: 35.5 x 28 cm (14 x 11 in.) Original IAD Object: 42"" high",Index of American Design,6,10
IAD-20130606-0061.jpg,Wellington Blewett,"American, active c. 1935",Bishop Hill: Cradle,1936,Index of American Design,"watercolor, graphite, and pen and ink on paper","overall: 29.7 x 23.9 cm (11 11/16 x 9 7/16 in.) Original IAD Object: 27"" high; 45 1/2"" long, 13"" wide",Index of American Design,6,11
IAD-20140626-0033.jpg,Margaret Knapp,"American, active c. 1935",Wall Paper,c. 1937,Index of American Design,"watercolor, gouache, and graphite on paperboard","overall: 29.2 x 22.7 cm (11 1/2 x 8 15/16 in.) Original IAD Object: 22"" repeat",Index of American Design,6,12
R-20100409-0064.jpg,Jacques Callot,"French, 1592 - 1635",One-Eyed Woman,c. 1622,Print,etching,R.L. Baumfeld Collection,1969.15.505,6,13
R-20100514-0027.jpg,Charles-Etienne Gaucher after Charles-Nicolas Cochin II,"French, 1741 - 1804",Charles Jean Francois Henault,Print,engraving and etching on laid paper,sheet (trimmed within plate mark): 31.3 x 23.9 cm (12 5/16 x 9 7/16 in.),Gift of John O'Brien,1988.71.6,6,14
R-20121219-0027.jpg,Charles Henry White,"American, born Canada, 1878 - 1918",An Old Courtyard (New Orleans),1906,Print,etching,plate: 242 x 175 mm sheet: 335 x 265 mm,"Reba and Dave Williams Collection, Gift of Reba and Dave Williams",6,15
R-20111229-0014.jpg,Wenceslaus Hollar after Hans Holbein the Younger after Abraham van Diepenbeeck,"Bohemian, 1607 - 1677",Abbess,1651,Print,"etching with border ""Time and Eternity"" (Pennington 233C)",Rosenwald Collection,1943.3.4888,6,16
IAD-20140609-0018.jpg,James McLellan,"American, active c. 1935",Doll Dress,c. 1936,Index of American Design,"watercolor, gouache, and graphite on paperboard","overall: 48.8 x 38.1 cm (19 3/16 x 15 in.) Original IAD Object: 16"" long",Index of American Design,6,17
IAD-20140609-0018 (1).jpg,James McLellan,"American, active c. 1935",Doll Dress,c. 1936,Index of American Design,"watercolor, gouache, and graphite on paperboard","overall: 48.8 x 38.1 cm (19 3/16 x 15 in.) Original IAD Object: 16"" long",Index of American Design,6,17
IAD-20131211-0056.jpg,Charles Caseau,"American, active c. 1935",Flask,c. 1936,Index of American Design,"watercolor, graphite, and gouache on paperboard",overall: 28.9 x 23 cm (11 3/8 x 9 1/16 in.),Index of American Design,6,18
RSC-20180301-0007-PV.jpg,Antoine-Louis Barye,"French, 1795 - 1875",English Basset,"model n.d., cast c. 1860/18731",Sculpture,bronze,overall: 15.88 � 22.23 � 9.21 cm (6 1/4 � 8 3/4 � 3 5/8 in.),Corcoran Collection (Museum Purchase),6,19
R-20100415-0033.jpg,Jacques Callot,"French, 1592 - 1635",Turtle Dove Flying in the Desert,Print,etching,Rosenwald Collection,1949.5.458,Rapid Capture,6,20
IAD-20130923-0046.jpg,American 20th Century,Ladder Back Chair,1935/1942,Index of American Design,"watercolor, colored pencil, graphite and some heightening on paperboard",overall: 29.3 x 22.7 cm (11 9/16 x 8 15/16 in.) Original IAD Object: none given,Index of American Design,1943.8.4110,6,21
R-20100409-0030.jpg,Jacques Callot,"French, 1592 - 1635",The Crowning with Thorns,c. 1624/1625,Print,etching,Rosenwald Collection,1948.11.43,6,22
R-20091223-0022.jpg,Willem Buytewech,"Dutch, 1591/1592 - 1624",Meadow with a Shepherd and Cows,1617,Drawing,"black and red chalk, and pen and brush with brown ink",overall: 28.1 x 37.9 cm (11 1/16 x 14 15/16 in.),William Nelson Cromwell Fund,6,23
R-20100730-0036.jpg,Eug�ne Delacroix,"French, 1798 - 1863","Hamlet and Guildenstern (Act III, Scene II)",1834/1843,Print,lithograph,Rosenwald Collection,1980.45.405,6,24
R-20100330-0043.jpg,Jacques Callot,"French, 1592 - 1635",King and Queen in Consultation about the Turks,1612,Print,etching,R.L. Baumfeld Collection,1969.15.852,6,24
INITIALIZING,artist,artistino,tit,dated,classif,medium,dimensions,credit,7,1
C15135.jpg,Paul C�zanne,"French, 1839 - 1906",Carnival Scene,1885/1888,Drawing,graphite on wove paper,overall: 15.2 x 23.7 cm (6 x 9 5/16 in.),"Collection of Mr. and Mrs. Paul Mellon, in Honor of the 50th Anniversary of the National Gallery of Art",7,1
IAD-20130513-0019.jpg,Hans Korsch,"American, active c. 1935",Andiron (one of pair),c. 1937,Index of American Design,graphite on paperboard,"overall: 27.6 x 20.3 cm (10 7/8 x 8 in.) Original IAD Object: 24 1/2"" high, 20 1/8"" long",Index of American Design,7,2
C16135.jpg,Adolfo De Carolis,"Italian, 1874 - 1928",Gabriel D'Annunzio(?),c. 1910,Print,"etching with monotone wiping, printed in dark brown on buff wove paper",plate: 17.5 � 17.1 cm (6 7/8 � 6 3/4 in.) sheet: 21.4 � 21 cm (8 7/16 � 8 1/4 in.),Purchased as the Gift of Ann and Matthew Nimetz,7,3
IAD-20140522-0027.jpg,Dayton Brown,"American, active c. 1935",Quilt,1937,Index of American Design,watercolor and graphite on paper,"overall: 35.6 x 26.7 cm (14 x 10 1/2 in.) Original IAD Object: 72"" wide; 78"" long",Index of American Design,7,4
IAD-20130918-0020.jpg,Albert Ryder,"American, active c. 1935",Cigar Store Figure,1935/1942,Index of American Design,watercolor and pen and ink on paper,overall: 52.3 x 31.8 cm (20 9/16 x 12 1/2 in.),Index of American Design,7,5
IAD-20131206-0007.jpg,John Tarantino,"American, active c. 1935",Shallow Dish,c. 1936,Index of American Design,watercolor and graphite on paperboard,overall: 23.1 x 30 cm (9 1/8 x 11 13/16 in.),Index of American Design,7,6
R-20100519-0080.jpg,Jacques Callot,"French, 1592 - 1635",Church in Cairo,1619,Print,etching and engraving on laid paper [restrike],Transferred from The Library of Congress,1986.50.192,7,7
IAD-20130805-0007.jpg,Arthur Mathews,"American, active c. 1935",Stoneware Jug,c. 1937,Index of American Design,"watercolor, graphite, and heightening on paperboard","overall: 28.9 x 22.9 cm (11 3/8 x 9 in.) Original IAD Object: 18"" High 11"" Wide",Index of American Design,7,8
E-000999-20120309.jpg,Jean-Baptiste-Camille Corot,"French, 1796 - 1875",Saint Sebastian Succored by the Holy Women,1874,Painting,oil on canvas,overall: 130.1 x 86 cm (51 1/4 x 33 7/8 in.) framed: 160 x 116.2 x 9.8 cm (63 x 45 3/4 x 3 7/8 in.),Timken Collection,7,9
IAD-20140225-0051.jpg,Nicholas Amantea,"American, 1900 - 1978",Pa. German Meat Chopper,1935/1942,Index of American Design,"watercolor, graphite, and colored pencil on paperboard",overall: 52.5 x 30.3 cm (20 11/16 x 11 15/16 in.),Index of American Design,7,10
R-20120524-0027.jpg,"Willem Swanenburgh, after Joachim Anthonisz Wtewael","Dutch, 1581/1582 - 1612",The Last Judgment,1606,Print,engraving on laid paper,plate: 30.7 � 39.4 cm (12 1/16 � 15 1/2 in.) sheet: 31 � 39.6 cm (12 3/16 � 15 9/16 in.),Gift of Ruth Cole Kainen,7,11
IAD-20130806-0019.jpg,Hedwig Emanuel,"American, active c. 1935",Pitcher,1935/1942,Index of American Design,watercolor and graphite on paperboard,overall: 29.8 x 22.5 cm (11 3/4 x 8 7/8 in.),Index of American Design,7,12
IAD-20140113-0029.jpg,Frank Fumagalli,"American, active c. 1935",Cuff Button,c. 1939,Index of American Design,watercolor and graphite on paperboard,overall: 29.2 x 22.9 cm (11 1/2 x 9 in.),Index of American Design,7,13
IAD-20140703-0076.jpg,Albert Ryder,"American, active c. 1935",Fish Weather Vane,c. 1938,Index of American Design,watercolor and graphite on paper,"overall: 29.2 x 44.2 cm (11 1/2 x 17 3/8 in.) Original IAD Object: 27"" long",Index of American Design,7,14
R-20100706-0089.jpg,Albert Besnard,"French, 1849 - 1934",Small Donkey at Berck (Un petit ane � Berck),1897,Print,etching and drypoint,Rosenwald Collection,1943.3.1477,7,15
R-20120207-0040.jpg,Francisco de Goya,"Spanish, 1746 - 1828",Origen de los arpones o banderillas (Origin of the Harpoons or Banderillas),in or before 1816,Print,"etching, burnished aquatint and burin [first edition impression]",Rosenwald Collection,1943.3.1626,7,16
R-20100806-0023.jpg,Alphonse Legros,"French, 1837 - 1911",Traveler taking Shelter (Le voyageur a l'abri),Print,"etching, (drypoint?) and aquatint","Gift of George Matthew Adams in memory of his mother, Lydia Havens Adams",1952.10.30,Rapid Capture,7,17
R-20100712-0051.jpg,Rodolphe Bresdin,"French, 1822 - 1885",Flemish Interior,1876/1880,Print,etching,Rosenwald Collection,1950.16.14,7,18
IAD-20140819-0011.jpg,Gerald Transpota,"American, active c. 1935",Saddle (Technique Demonstration),1935/1942,Index of American Design,"watercolor, graphite, and pen and ink on paper",overall: 35.6 x 26.7 cm (14 x 10 1/2 in.),Index of American Design,7,19
IAD-20140106-0002.jpg,J. Howard Iams,"American, active c. 1935",Cast Iron Gate Top,1938,Index of American Design,graphite on paperboard,overall: 24.5 x 34.5 cm (9 5/8 x 13 9/16 in.),Index of American Design,7,20
R-20101018-0078.jpg,Sebald Beham,"German, 1500 - 1550",Trajan's Justice,1537,Print,engraving,Rosenwald Collection,1943.3.1232,7,21
R-20100412-0051.jpg,Jacques Callot,"French, 1592 - 1635",Noble Man Wrapped in a Mantle Trimmed with Fur,c. 1620/1623,Print,etching,R.L. Baumfeld Collection,1969.15.537,7,22
R-20160304-0064.jpg,Honor� Daumier,"French, 1808 - 1879",Le rues de Paris dans les premiers jours de Septembre ...,19th century,Print,lithograph,Corcoran Collection (Gift of Dr. Armand Hammer),2015.143.739,7,23
IAD-20140604-0057.jpg,Edward L. Loper,"American, born 1916",Childs's Dresser,1935/1942,Index of American Design,"watercolor, graphite, and pen and ink on paperboard","overall: 34.9 x 26.7 cm (13 3/4 x 10 1/2 in.) Original IAD Object: 31"" high; 22"" wide",Index of American Design,7,24
IAD-20130812-0047.jpg,Frank Fumagalli,"American, active c. 1935",Wash Bowl,c. 1937,Index of American Design,watercolor and graphite on paperboard,"overall: 22.9 x 29 cm (9 x 11 7/16 in.) Original IAD Object: 11"" High 13"" Dia(top)",Index of American Design,7,25
INITIALIZING,artist,artistino,tit,dated,classif,medium,dimensions,credit,8,1
IAD-20140305-0001.jpg,Carl Keksi,"American, active c. 1935",Pipe Head: Lincoln,c. 1937,Index of American Design,watercolor and graphite on paper,"overall: 28.5 x 20.1 cm (11 1/4 x 7 15/16 in.) Original IAD Object: 2 1/2"" high; 3 1/2"" long",Index of American Design,8,1
R-20120522-0008.jpg,Walter Gramatt�,"German, 1897 - 1929","Man in a Room, Self-portrait",1922-1923,Print,color etching printed in black and green on wove paper,plate: 29.9 � 21.5 cm (11 3/4 � 8 7/16 in.) sheet: 54.3 � 38.7 cm (21 3/8 � 15 1/4 in.),Gift of Ruth Cole Kainen,8,2
R-20120522-0008 (1).jpg,Walter Gramatt�,"German, 1897 - 1929","Man in a Room, Self-portrait",1922-1923,Print,color etching printed in black and green on wove paper,plate: 29.9 � 21.5 cm (11 3/4 � 8 7/16 in.) sheet: 54.3 � 38.7 cm (21 3/8 � 15 1/4 in.),Gift of Ruth Cole Kainen,8,2
R-20110110-0023.jpg,Lovis Corinth,"German, 1858 - 1925","""Vater, es wird nicht gut ablaufen, bleiben wir von dem soldatenhaufen"" (""Father, this won't end well, we'd better stay away from that hoard of soldiers"")",1923,Print,etching in black on laid paper,plate: 25.8 x 20.8 cm (10 3/16 x 8 3/16 in.) sheet: 38.7 x 29.2 cm (15 1/4 x 11 1/2 in.),Gift of the Marcy Family in memory of Sigbert H. Marcy,8,3
R-20091222-0065.jpg,Rembrandt van Rijn,"Dutch, 1606 - 1669",Bust of an Elderly Man in a Flat Cap,1635/1637,Drawing,pen and brown ink on laid paper,overall: 8.4 x 6.9 cm (3 5/16 x 2 11/16 in.),Widener Collection,8,4
E10405.jpg,Samuel Palmer,"British, 1805 - 1881",Harvesters by Firelight,1830,Drawing,pen and black ink with watercolor and gouache on wove paper,overall: 28.7 x 36.7 cm (11 5/16 x 14 7/16 in.),Paul Mellon Collection,8,5
R-20100819-0060.jpg,Alphonse Legros,"French, 1837 - 1911",Peasant in a Round Hat (Paysan avec chapeau rond),Print,etching,Rosenwald Collection,1943.3.5427,Rapid Capture,8,6
R-090928-0083.jpg,"Lorenzo Capponi, after Antonio Galli Bibiena","Italian, born 1733",Pianta e spaccato del nuovo teatro di Bologna,1771,Volume,"Bound volume with 1 engraved title, 5 two-page engraved illustrations after Antonio Bibiena, 1 engraved headpiece, and 2 ornaments",book: 51 x 40.5 x 0.8 cm (20 1/16 x 15 15/16 x 5/16 in.),Purchased as the Gift of Vincent J. Buonanno,8,7
R-20100405-0055.jpg,Jacques Callot,"French, 1592 - 1635",Cap. Cerimonia and Siga. Lavinia,c. 1622,Print,etching,Rosenwald Collection,1946.21.208,8,8
IAD-20131114-0053.jpg,Florence Neal,"American, active c. 1935",Card Table,1936,Index of American Design,"watercolor, colored pencil, pen and ink, and graphite on paperboard",overall: 29.1 x 22.6 cm (11 7/16 x 8 7/8 in.) Original IAD Object: none given,Index of American Design,8,9
R-20091204-0088.jpg,Th�ophile Alexandre Steinlen,"Swiss, 1859 - 1923",La chienne au loup,1900,Drawing,brush and black ink with black and colored chalk,overall (approximate): 49 x 38.3 cm (19 5/16 x 15 1/16 in.),Rosenwald Collection,8,10
R-20100915-0009.jpg,Auguste Brouet,"French, 1872 - 1941",Frattelini Circus,1923,Print,etching with drypoint in black on vellum,plate: 25.2 x 33.4 cm (9 15/16 x 13 1/8 in.),Ailsa Mellon Bruce Fund,8,11
R-20100527-0063.jpg,Jean-Fran�ois Janinet and Joseph Siffred Duplessis,"French, 1725 - 1802",Benjamin Franklin,1789,Print,color aquatint,plate: 41 x 31.5 cm (16 1/8 x 12 3/8 in.) sheet: 46.5 x 33.3 cm (18 5/16 x 13 1/8 in.),Gift of Mrs. W. Murray Crane,8,12
R-20111019-0037.jpg,Battista Franco,"Italian, probably 1498 - 1561",The Sacrifice of Abraham,1540s/ 1550s,Print,etching with engraving on laid paper,plate: 35 x 26.5 cm (13 3/4 x 10 7/16 in.) sheet: 35.5 x 27 cm (14 x 10 5/8 in.),Ailsa Mellon Bruce Fund,8,13
R-20100329-0039.jpg,Master AD,"French, active c. 1600",Les divers pourtraicts et figures VI,c. 1600,Print,engraving,Rosenwald Collection,1950.1.134,8,14
R-20130325-0018.jpg,Joseph Pennell,"American, 1857 - 1926",Making Propeller Blades,1917,Print,lithograph,Rosenwald Collection,1943.3.6800,8,15
R-20100212-0068.jpg,Sir Edward Coley Burne-Jones,"British, 1833 - 1898",La Belle au bois dormant,1894,Print,collotype in black on wove paper,plate: 12.5 x 22.2 cm (4 15/16 x 8 3/4 in.) sheet (program closed): 17.2 x 27.5 cm (6 3/4 x 10 13/16 in.) sheet (program opened): 17.2 x 55 cm (6 3/4 x 21 5/8 in.),Gift of Martin and Liane W. Atlas,8,16
R-20111117-0002.jpg,Allart van Everdingen,"Dutch, 1621 - 1675",Chapel,probably c. 1645/1656,Print,etching with engraving,Ailsa Mellon Bruce Fund,1973.15.18,8,17
R-20100816-0094.jpg,Charles Meryon,"French, 1821 - 1868","L'abside de Notre-Dame de Paris (The Apsis ofthe Cathedral of Notre-Dame, Paris)",1854,Print,etching,Rosenwald Collection,1958.8.110,8,18
IAD-20131223-0064.jpg,John Thorsen,"American, active c. 1935",Woman's Accordian,1938,Index of American Design,"watercolor, graphite, and pen and ink on paper","overall: 59.9 x 45.4 cm (23 9/16 x 17 7/8 in.) Original IAD Object: 11 1/2"" high; 5"" wide (closed)",Index of American Design,8,19
IAD-20130611-0041.jpg,Grace Halpin,"American, active c. 1935",Penny Bank,1935/1942,Index of American Design,"watercolor, gouache, graphite on paper",overall: 30.5 x 22.9 cm (12 x 9 in.),Index of American Design,8,20
R-20111201-0019.jpg,Herman van Swanevelt,"Dutch, c. 1600 - 1655",Building with a Square Tower,Print,etching,Ailsa Mellon Bruce Fund,1973.32.40,Rapid Capture,8,21
IAD-20131118-0058.jpg,Frederick Jackson,"American, active c. 1935",Table,c. 1937,Index of American Design,"watercolor, colored pencil, and graphite on paperboard","overall: 28 x 22.7 cm (11 x 8 15/16 in.) Original IAD Object: 26 1/2""high; 26 3/4""wide; 18 1/2""deep",Index of American Design,8,22
R-20160308-0068.jpg,Honor� Daumier,"French, 1808 - 1879",S�ances musicales,19th century,Print,lithograph,Corcoran Collection (Gift of Dr. Armand Hammer),2015.143.1336,8,23
R-20091016-0029.jpg,Karel Vitezslav Masek,"Czech, 1865 - 1927",Nude and Fish with Flowers (Study for etched bathroom window),c.1900,Drawing,pen and brown ink with graphite on paper,image: 45.3 x 33.8 cm (17 13/16 x 13 5/16 in.),Gift of the Anne and Jacques Baruch Collection,8,24
R-20091016-0029 (1).jpg,Karel Vitezslav Masek,"Czech, 1865 - 1927",Nude and Fish with Flowers (Study for etched bathroom window),c.1900,Drawing,pen and brown ink with graphite on paper,image: 45.3 x 33.8 cm (17 13/16 x 13 5/16 in.),Gift of the Anne and Jacques Baruch Collection,8,24
R-20100816-0080.jpg,Charles Meryon,"French, 1821 - 1868",Plan du Combat de Sinope (Plan of the Battle of Sinope),1853,Print,etching touched with watercolor,Rosenwald Collection,1943.3.6207,8,25
INITIALIZING,artist,artistino,tit,dated,classif,medium,dimensions,credit,9,1
R-20100122-0042.jpg,William Hogarth,"English, 1697 - 1764",Simon Lord Lovat,1746,Print,etching,Rosenwald Collection,1943.3.9043,9,1
IAD-20140527-0003.jpg,Jules Lefevere,"American, active c. 1935",Coverlet,c. 1936,Index of American Design,gouache and graphite on paperboard,"overall: 29.2 x 23.2 cm (11 1/2 x 9 1/8 in.) Original IAD Object: 103"" long; 100"" wide",Index of American Design,9,2
IAD-20140527-0003 (1).jpg,Jules Lefevere,"American, active c. 1935",Coverlet,c. 1936,Index of American Design,gouache and graphite on paperboard,"overall: 29.2 x 23.2 cm (11 1/2 x 9 1/8 in.) Original IAD Object: 103"" long; 100"" wide",Index of American Design,9,2
R-20180131-0008.jpg,S�bastien Bourdon,"French, 1616 - 1671",Annunciation,1637/1640,Print,etching on laid paper,Gift of Alessandra Manning Dolnier,2018.113.38,9,3
C12341.jpg,Franz Innocenz Josef Kobell,"German, 1749 - 1822",Hilly Landscape with a Stream,1800/1805,Drawing,"pen and brown ink with watercolor on laid paper, with framing line in graphite (partially cropped)",sheet: 10.2 x 15 cm (4 x 5 7/8 in.),"Wolfgang Ratjen Collection, Patrons' Permanent Fund",9,4
C-20150504-050.jpg,Pierre Puvis de Chavannes,"French, 1824 - 1898",A Standing Male Nude,c. 1879,Drawing,"black chalk with stumping on tracing paper, squared for transfer",sheet: 35.2 � 19.9 cm (13 7/8 � 7 13/16 in.),Ailsa Mellon Bruce Fund,9,5
IAD-20140520-0071.jpg,Cornelius Christoffels,"American, active c. 1935",Coverlet (Section),c. 1937,Index of American Design,"watercolor, graphite, and gouache on paper","overall: 28 x 35.6 cm (11 x 14 in.) Original IAD Object: 90"" long; 72"" wide",Index of American Design,9,6
IAD-20140520-0071 (1).jpg,Cornelius Christoffels,"American, active c. 1935",Coverlet (Section),c. 1937,Index of American Design,"watercolor, graphite, and gouache on paper","overall: 28 x 35.6 cm (11 x 14 in.) Original IAD Object: 90"" long; 72"" wide",Index of American Design,9,6
IAD-20140626-0014.jpg,Mildred E. Bent,"American, active c. 1935",Stencilled Wall,1935/1942,Index of American Design,watercolor and graphite on paper,overall: 47.9 x 33 cm (18 7/8 x 13 in.),Index of American Design,9,7
D19290_XBD.jpg,Edouard Manet,"French, 1832 - 1883",Madame Michel-L�vy,1882,Painting,pastel on canvas,overall: 74.2 x 51 cm (29 3/16 x 20 1/16 in.) framed: 98.4 x 74.3 cm (38 3/4 x 29 1/4 in.),Chester Dale Collection,9,8
IAD-20130528-0035.jpg,H. Langden Brown and Milton Bevier,"American, active c. 1935",Apple Peeler,c. 1940,Index of American Design,"watercolor, graphite, and pen and ink on paper","overall: 30.5 x 41 cm (12 x 16 1/8 in.) Original IAD Object: overall: 30"" long; 7"" wide; uprights: 5"" high and 5 3/4"" high",Index of American Design,9,9
IAD-20130918-0010.jpg,Richard F. Smith,"American, active c. 1935",Cigar Store Indian,c. 1936,Index of American Design,watercolor and gouache on paperboard,overall: 66.2 x 40.2 cm (26 1/16 x 15 13/16 in.),Index of American Design,9,10
R-20120326-0025.jpg,Charles Sprague Pearce,"American, 1851 - 1914",Study for a Border Design,1890/1897,Drawing,graphite on wove paper,sheet (irregular): 3.8 � 10.9 cm (1 1/2 � 4 5/16 in.) mount: 29.9 � 45.6 cm (11 3/4 � 17 15/16 in.),Gift of Mr. and Mrs. Mark Borghi,9,11
R-20100827-0052.jpg,Jean-Louis Forain,"French, 1852 - 1931",Le Front de Vincennes,1914/1919,Print,collotype,Rosenwald Collection,1943.3.4139,9,12
IAD-20140626-0037.jpg,George Robin,"American, active c. 1935",Wall Paper,c. 1936,Index of American Design,"watercolor, gouache, and graphite on paperboard",overall: 29 x 22.2 cm (11 7/16 x 8 3/4 in.),Index of American Design,9,13
R-20130321-0012.jpg,Joseph Pennell,"American, 1857 - 1926",Night in the Yosemite,1912,Print,lithograph,Rosenwald Collection,1943.3.6953,9,14
D15540.jpg,Pietro Antonio Novelli,"Venetian, 1729 - 1804",The Marriage of Europe and China,c. 1760,Drawing,"pen and brown ink and pen and black ink, with gray wash over black chalk",overall: 33.7 x 45.7 cm (13 1/4 x 18 in.),Ailsa Mellon Bruce Fund,9,15
D-20130318-0009.jpg,"Jonas Suyderhoff, after Sir Peter Paul Rubens","Dutch, c. 1613 - 1686",Fall of the Damned,1642,Print,engraving on laid paper,plate: 71 � 54.6 cm (27 15/16 � 21 1/2 in.) sheet: 74.5 � 56.6 cm (29 5/16 � 22 5/16 in.),Gift of Ruth Cole Kainen,9,16
R-20111007-0038.jpg,Giuseppe Antonio Landi,"Italian, 1713 - 1791","Architectural Fantasy with a Fountain, Classical Ruins, and a Bridge",before 1753,Print,etching and engraving on laid paper,plate: 16.3 x 18.1 cm (6 7/16 x 7 1/8 in.) sheet: 24 x 34.5 cm (9 7/16 x 13 9/16 in.),Ailsa Mellon Bruce Fund,9,17
C13559.jpg,Adolph Menzel,"German, 1815 - 1905",The Vest of August the Strong,1840,Drawing,graphite on wove paper,sheet: 13.3 x 20.7 cm (5 1/4 x 8 1/8 in.),"Wolfgang Ratjen Collection, Patrons' Permanent Fund",9,18
IAD-20140709-0024.jpg,Mildred E. Bent,"American, active c. 1935",Stencilled Wall,1935/1942,Index of American Design,watercolor and graphite on paper,"overall: 59.7 x 42 cm (23 1/2 x 16 9/16 in.) Original IAD Object: 58"" high; 62 1/2"" wide",Index of American Design,9,19
R-20111013-0080.jpg,Hans Jegli II,"Swiss, 1580 - 1643",A Donor with a Coat of Arms (Schildbegleiter und Wappenschild mit Schr�gbalken),1603,Drawing,pen and ink with wash,sheet: 22.4 x 16 cm (8 13/16 x 6 5/16 in.),Katharine Shepard Fund,9,20
G-002577-20121129.jpg,William Merritt Chase,"American, 1849 - 1916",Nude,c. 1901,Painting,oil on canvas,overall: 50.6 x 41 cm (19 15/16 x 16 1/8 in.) framed: 61.6 x 51.3 x 4.4 cm (24 1/4 x 20 3/16 x 1 3/4 in.),Collection of Mr. and Mrs. Paul Mellon,9,21
R-20091125-0006.jpg,Alphonse Legros,"French, 1837 - 1911",Portrait of an Old Man,Drawing,graphite,overall: 17.3 x 14.9 cm (6 13/16 x 5 7/8 in.),"Gift of George Matthew Adams in memory of his mother, Lydia Havens Adams",1956.14.25,9,22
R-20160608-0041.jpg,James Henry Moser,"American (born Canada), 1854 - 1913","Branch, proof",1892,Drawing,offset lithograph in black on wove paper,image (irregular): 7.62 � 9.84 cm (3 � 3 7/8 in.) sheet: 13.49 � 14.13 cm (5 5/16 � 5 9/16 in.),Corcoran Collection,9,23
A53541_XBD.jpg,Joshua Johnson,"American, born c. 1763, active 1796 - 1824",The Westwood Children,c. 1807,Painting,oil on canvas,overall: 104.5 x 117 cm (41 1/8 x 46 1/16 in.),Gift of Edgar William and Bernice Chrysler Garbisch,9,24
R-20100928-0047.jpg,Martin Schongauer,"German, c. 1450 - 1491",The Crucifixion,c. 1480,Print,engraving,Gift of W.G. Russell Allen,1941.1.51,9,25
INITIALIZING,artist,artistino,tit,dated,classif,medium,dimensions,credit,10,1
R-20101101-0106.jpg,James McNeill Whistler,"American, 1834 - 1903",Walter Sickert,1895,Print,lithograph in black on laid paper,image: 19 � 14 cm (7 1/2 � 5 1/2 in.) sheet: 32 � 20.4 cm (12 5/8 � 8 1/16 in.),Rosenwald Collection,10,1
IAD-20140728-0007.jpg,Mildred Ford,"American, active c. 1935",Bread Tray,c. 1941,Index of American Design,"watercolor, graphite, and gouache on paperboard","overall: 30.7 x 41.1 cm (12 1/16 x 16 3/16 in.) Original IAD Object: 8"" long; 5 5/8"" wide",Index of American Design,10,2
R-20101027-0080.jpg,James McNeill Whistler,"American, 1834 - 1903","The Fish-Shop, Busy Chelsea",1887,Print,etching,Rosenwald Collection,1943.3.8579,10,3
IAD-20130815-0009.jpg,Frank Fumagalli,"American, active c. 1935",Dog Statuette,c. 1940,Index of American Design,watercolor and graphite on paper,"overall: 21.9 x 29.2 cm (8 5/8 x 11 1/2 in.) Original IAD Object: 6 1/2"" high; base: 6 5/8"" long; 2 3/4"" wide",Index of American Design,10,4
IAD-20130815-0009.jpg,Henri Fantin-Latour,"French, 1836 - 1904",Le Mage Balthazar et Fatime,Print,lithograph,Gift of the Estate of Leo Steinberg,2011.139.12,Rapid Capture,10,6
R-20101130-0016.jpg,Albrecht D�rer,"German, 1471 - 1528",The Angel with the Key to the Bottomless Pit,1498,Print,woodcut on laid paper,image: 39.3 x 28.3 cm (15 1/2 x 11 1/8 in.) sheet: 46 x 31.2 cm (18 1/8 x 12 5/16 in.),Patrons' Permanent Fund and Print Purchase Fund (Horace Gallatin and Lessing J. Rosenwald),10,7
IAD-20131121-0035.jpg,Meyer Goldbaum,"American, active c. 1935",Ward and Green Gardens,c. 1936,Index of American Design,"watercolor, gouache, and graphite on paperboard",overall: 50.6 x 38.2 cm (19 15/16 x 15 1/16 in.),Index of American Design,10,8
IAD-20140403-0020.jpg,Isidore Steinberg,"American, active c. 1935",Silver Pitcher,1936,Index of American Design,graphite on paperboard,overall: 29.9 x 23.1 cm (11 3/4 x 9 1/8 in.),Index of American Design,10,9
RS-20170428-0011.jpg,Italian 16th Century,Aurora Stepping from a Car [reverse],c. 1518,Sculpture,bronze,Samuel H. Kress Collection,1957.14.899.b,Rapid Capture,10,10
C12495.jpg,Robert Nanteuil,"French, 1623 - 1678",Marin Cureau de La Chambre,c. 1656,Drawing,graphite with scraping on vellum,overall (oval): 13.9 x 10 cm (5 1/2 x 3 15/16 in.),Rosenwald Collection,10,11
C11602.jpg,John Varley,"British, 1778 - 1842",Landscape Composition [recto],Drawing,brush and brown wash over graphite on wove paper,overall: 7.1 x 8.8 cm (2 13/16 x 3 7/16 in.),Gift of William B. O'Neal,1995.52.185.a,10,12
R-20110921-0105.jpg,Jacopo de' Barbari,"Italian, c. 1460/1470 - 1516 or before",The Risen Christ,c. 1503/1504,Print,engraving,sheet: 18.4 x 8.1 cm (7 1/4 x 3 3/16 in.),Rosenwald Collection,10,13
IAD-20130705-0037.jpg,Janet Riza,"American, active c. 1935",Pitcher,c. 1936,Index of American Design,"watercolor, graphite, and heightening on paper","overall: 28.4 x 21.1 cm (11 3/16 x 8 5/16 in.) Original IAD Object: 8"" High 5 3/4"" Dia.(base)",Index of American Design,10,14
R-20100216-0018.jpg,William Holl I after John Opie,"British, 1771 - 1838",Abraham Rees,published 1811,Print,stipple engraving,Rosenwald Collection,1980.45.1754,10,15
IAD-20140318-0051.jpg,Theodore Pfitzer,"American, active c. 1935",Pewter Coffee Urn,1935/1942,Index of American Design,graphite on paper,"overall: 35.2 x 26.2 cm (13 7/8 x 10 5/16 in.) Original IAD Object: 10 1/2"" high; 8 3/8"" wide",Index of American Design,10,16
R-20101220-0013.jpg,Daniel Nikolaus Chodowiecki,"German, 1726 - 1801",Grandparents,1793,Print,etching,Anonymous gift in memory of Charles B. Hoyt,1950.2.25,10,17
C12547.jpg,Pierre-Antoine Baudouin,"French, 1723 - 1769",Family Promenade in the Park,1765/1766,Drawing,"watercolor and gouache with pen and black ink, with later framing line in black ink",overall: 27.4 x 38.9 cm (10 13/16 x 15 5/16 in.),Ivan E. and Winifred Phillips Fund in Honor of Andrew Robison,10,18
IAD-20130904-0086.jpg,Rosamond P. Gray,"American, active c. 1935",Half-Length Figure,1935/1942,Index of American Design,watercolor and graphite on paper,overall: 42.9 x 31.2 cm (16 7/8 x 12 5/16 in.),Index of American Design,10,19
IAD-20130603-0028.jpg,D.J. Grant,"American, active c. 1935",Toy Bank: Mule and Manger,c. 1942,Index of American Design,"watercolor, graphite, and gouache on paperboard","overall: 23 x 30.6 cm (9 1/16 x 12 1/16 in.) Original IAD Object: overall: 10"" long; mule: 3 1/2"" high; bank: 5 1/2"" high; 5"" long, 4"" wide.",Index of American Design,10,20
IAD-20130917-0004.jpg,Helen E. Gilman,"American, born 1913",Eagle,c. 1938,Index of American Design,"watercolor, graphite, and colored pencil on paperboard",overall: 38 x 55.6 cm (14 15/16 x 21 7/8 in.),Index of American Design,10,21
IAD-20140124-0018.jpg,James M. Lawson and Gordon Saltar,"American, active c. 1935","Wardroom Lamp from ""Constitution""",c. 1937,Index of American Design,watercolor and graphite on paper,overall: 30.7 x 23 cm (12 1/16 x 9 1/16 in.),Index of American Design,10,22
R-20100722-0018.jpg,Honor� Daumier,"French, 1808 - 1879",Oh! p'pa... la belle femme!,1846,Print,lithograph on newsprint,Ailsa Mellon Bruce Fund,1979.49.68,10,23
R-20100817-0066.jpg,Alphonse Legros,"French, 1837 - 1911",Remembrance of the Lake at Trastimene (Souvenir du lac de Trastimene),Print,etching and drypoint,"Gift of George Matthew Adams in memory of his mother, Lydia Havens Adams",1955.12.35,Rapid Capture,10,24
R-20150420-0006.jpg,Robert Havell after John James Audubon,"American, 1793 - 1878",Yellow-breasted Rail,1836,Print,hand-colored etching and aquatint on Whatman paper,Gift of Mrs. Walter B. James,1945.8.329,10,25
INITIALIZING,artist,artistino,tit,dated,classif,medium,dimensions,credit,11,1
R-20101014-0067.jpg,German 16th Century,Nach der Mvsic: Geigen wir drei gantz Kvnstlice vnd artliche dabei,c. 1580,Print,engraving,Rosenwald Collection,1964.8.29,Rapid Capture,11,1
R-20100806-0030.jpg,Alphonse Legros,"French, 1837 - 1911",Peasant Woman of Boulogne (Paysanne des environs de Boulogne dite La femme au panier),Print,etching,"Gift of George Matthew Adams in memory of his mother, Lydia Havens Adams",1952.10.34,Rapid Capture,11,2
R-20120229-0066.jpg,Elihu Vedder,"American, 1836 - 1923",Study after Domenichino,c. 1858,Drawing,pen and brown ink on wove paper,sheet: 9.7 � 16.5 cm (3 13/16 � 6 1/2 in.),"Gift of Mr. and Mrs. Paul Borghi, in Honor of the 50th Anniversary of the National Gallery of Art",11,3
R-20111115-0065.jpg,Bartholomeus Breenbergh,"Dutch, probably 1599 - 1657",Grotto with Friars,1640,Print,etching with drypoint on laid paper,plate: 10 x 6.1 cm (3 15/16 x 2 3/8 in.) sheet: 11.2 x 7.3 cm (4 7/16 x 2 7/8 in.),Ailsa Mellon Bruce Fund,11,4
IAD-20140128-0059.jpg,John Tarantino,"American, active c. 1935",Lamp Chimney,1935/1942,Index of American Design,watercolor and graphite on paperboard,overall: 30.2 x 23.2 cm (11 7/8 x 9 1/8 in.),Index of American Design,11,5
R-20160524-0013.jpg,Paul Lacroix,"American, 1827 - 1869",A Duck and a Stag [verso],1831,Drawing,graphite on wove paper,image (irregular): 39.05 � 8.26 cm (15 3/8 � 3 1/4 in.) sheet: 40.96 � 27.94 cm (16 1/8 � 11 in.),Corcoran Collection (Museum Purchase),11,6
R-20100518-0052.jpg,Claude Mellan,"French, 1598 - 1688",The Sudarium of Saint Veronica,1649,Print,engraving,Rosenwald Collection,1943.3.6144,11,7
D-20190612-0020.jpg,Claude Emile Schuffenecker,"French, 1851 - 1934",Chrysanthemums,1890s?,Drawing,"black chalk and charcoal heightened with white chalk on gray laid paper, laid down",sheet: 46.9 � 30.9 cm (18 7/16 � 12 3/16 in.),Ailsa Mellon Bruce Fund,11,8
IAD-20140306-0016.jpg,Albert Levone,"American, active c. 1935",Wood Blocks,c. 1937,Index of American Design,"watercolor, graphite, and gouache on paperboard",overall: 51 x 38.5 cm (20 1/16 x 15 3/16 in.),Index of American Design,11,9
RS-20170512-0010.jpg,Style of Niccol� Fiorentino,"Giovanni di Francesco Tornabuoni, 1428-1497, Florentine Banker and Statesman [obverse]",1493,Sculpture,bronze,overall (diameter): 3.3 cm (1 5/16 in.),Samuel H. Kress Collection,1957.14.883.a,11,10
RS-20170512-0010.jpg,Cornelius Christoffels,"American, active c. 1935",Coverlet,c. 1937,Index of American Design,watercolor and gouache on paper,"overall: 26.1 x 35.6 cm (10 1/4 x 14 in.) Original IAD Object: 90"" long; 72"" wide",Index of American Design,11,11
RSC-20180312-0001-PV.jpg,Auguste Rodin,"French, 1840 - 1917",La Douleur (de la Porte),"model 1889, cast 1983",Sculpture,cast bronze,overall: 30.5 x 16.5 x 17.1 cm (12 x 6 1/2 x 6 3/4 in.),Gift of the B. Gerald Cantor Collections,11,12
RSC-20180125-0003-PV.jpg,Paduan 16th Century,A Lamp,early 16th century,Sculpture,bronze//Black lacquer over medium brown bronze,overall: 9.2 x 11.8 x 7.3 cm (3 5/8 x 4 5/8 x 2 7/8 in.),Samuel H. Kress Collection,1957.14.67,11,13
IAD-20131223-0002.jpg,Walter Hochstrasser,"American, active c. 1935",Hitching Post,c. 1937,Index of American Design,"watercolor, gouache, and graphite on paperboard",overall: 65.5 x 45.1 cm (25 13/16 x 17 3/4 in.),Index of American Design,11,14
R-20091204-0025.jpg,Jean-Louis Forain,"French, 1852 - 1931",At the Conference,c. 1919,Drawing,brush and brown ink and black crayon on laid paper,overall: 45 x 57.4 cm (17 11/16 x 22 5/8 in.),Rosenwald Collection,11,15
R-20120322-0068.jpg,Stanford White,"American, 1853 - 1906",North on Broadway from Trinity Church,c. 1900,Drawing,graphite on blue-gray laid paper,overall (approximate): 37.8 x 31.4 cm (14 7/8 x 12 3/8 in.),John Davis Hatch Collection,11,16
R-20100608-0005.jpg,Austrian 12th Century,Saint John Dictating to the Venerable Bede,c. 1140,Drawing,pen with brown and red ink with color washes on vellum,overall: 35.2 x 23.5 cm (13 7/8 x 9 1/4 in.),Rosenwald Collection,1950.16.290,11,17
RS-20170112-0001.jpg,Venetian 15th Century,Piet�,late 15th century,Sculpture,bronze//Medium brown patina,overall (silhouetted on three sides): 6.6 x 4.8 cm (2 9/16 x 1 7/8 in.) gross weight: 55 gr,Samuel H. Kress Collection,1957.14.394,11,18
IAD-20130828-0041.jpg,Virginia Berge,"American, active c. 1935",Shirt,c. 1937,Index of American Design,watercolor and graphite on paper,overall: 37.9 x 30.2 cm (14 15/16 x 11 7/8 in.),Index of American Design,11,19
IAD-20140415-0016.jpg,Gerald Transpota,"American, active c. 1935",Spur,c. 1940,Index of American Design,"watercolor, graphite, pen and ink, and colored pencil on paper",overall: 26.7 x 35.7 cm (10 1/2 x 14 1/16 in.),Index of American Design,11,20
R-20100115-0009.jpg,Paul Sandby,"British, 1731 - 1809",Ruins by a River with a Man in a Boat,1758,Print,etching,Ailsa Mellon Bruce Fund,1974.54.9,11,21
R-20100802-0008.jpg,Jean-Louis Forain,"French, 1852 - 1931",Evidence at the Hearing (second plate),1908,Print,etching and soft-ground,Rosenwald Collection,1943.3.3748,11,22
RS-20171005-0025.jpg,Bartolomeo Argenterio,"Roman, died 1591","Gregory XIII (Ugo Buoncompagni, 1502-1585), Pope 1572 [obverse]",1582,Sculpture,bronze,overall (diameter): 5.82 cm (2 5/16 in.) gross weight: 55.53 gr (0.122 lb.) axis: 12:00,Gift of Lisa and Leonard Baskin,11,23
RS-20171013-0007.jpg,B.C.V. Calker,"Dutch, active 18th century",Recognition of the Independence of the United States by Friesland [obverse],1782,Sculpture,silver,overall (diameter): 4.39 cm (1 3/4 in.) gross weight: 23.28 gr (0.051 lb.) axis: 12:00,Gift of Lisa Unger Baskin,11,24
R-20100804-0003.jpg,Honor� Daumier,"French, 1808 - 1879",Ce que certains journaux appeleraient...,1870,Print,lithograph,Rosenwald Collection,1943.3.3207,11,25
INITIALIZING,artist,artistino,tit,dated,classif,medium,dimensions,credit,12,1
R-20111216-0005.jpg,Ernst Willem Jan Bagelaar,"Flemish, 1775 - 1837",Landscape with a Peasant Carrying Firewood,c. 1800,Print,etching on blue laid paper,plate: 16.9 x 21.1 cm (6 5/8 x 8 5/16 in.) sheet: 19 x 23.2 cm (7 1/2 x 9 1/8 in.),Miriam Jacobson Memorial Fund,12,1
R-20120228-0010.jpg,Benjamin West,"American, 1738 - 1820",Vagabond Family [recto],1788,Drawing,pen and brown ink with brown and blue wash on wove paper,sheet: 17.9 x 12.3 cm (7 1/16 x 4 13/16 in.),"Julius S. Held Collection, Avalon Fund",12,2
IAD-20130606-0063.jpg,Harry G. Aberdeen,"American, active c. 1935",Bishop Hill: Auger,c. 1936,Index of American Design,watercolor and graphite on paper,"overall: 31.6 x 24.1 cm (12 7/16 x 9 1/2 in.) Original IAD Object: 33"" long; 18"" wide",Index of American Design,12,3
R-20160218-0022.jpg,Honor� Daumier,"French, 1808 - 1879","Deux ph�nom�nes, spectacle gratis ...",19th century,Print,lithograph,Corcoran Collection (Gift of Dr. Armand Hammer),2015.143.477,12,4
IAD-20130905-0005.jpg,Lawrence Flynn,"American, 1900 - 1973",Figurehead: Benjamin Franklin,1937,Index of American Design,"watercolor, colored pencil, graphite, and pen and ink on paperboard",overall: 43.3 x 31.1 cm (17 1/16 x 12 1/4 in.),Index of American Design,12,5
R-20101018-0057.jpg,Sebald Beham,"German, 1500 - 1550",Hercules Killing Anthaeus,1545,Print,engraving,Rosenwald Collection,1943.3.1057,12,6
R-20100120-0004.jpg,William Blake after Henry Fuseli,"British, 1757 - 1827",Fertilization of Egypt,1791,Print,engraving,Rosenwald Collection,1943.3.1826,12,7
F-000524-20111005.jpg,Thomas Sully,"American, 1783 - 1872",The Coleman Sisters,1844,Painting,oil on canvas,overall: 112.5 x 87.5 cm (44 5/16 x 34 7/16 in.) framed: 146.7 x 121.9 x 14 cm (57 3/4 x 48 x 5 1/2 in.),Gift of William C. Freeman,12,8
IAD-20140821-0077.jpg,American 20th Century,"Santa Barbara Mission Doorway Design from the portfolio ""Decorative Art of Spanish California""",1935/1942,Index of American Design,screenprint on paperboard,overall: 45.7 x 35.5 cm (18 x 14 in.),Index of American Design,1943.8.18141,12,9
D13259.jpg,Donald Donovan,"American, active c. 1935",Carousel Goat,c. 1938,Index of American Design,"watercolor, graphite, and pen and ink on paper","overall: 35 x 45.7 cm (13 3/4 x 18 in.) Original IAD Object: 60"" long",Index of American Design,12,10
D12272.jpg,Master MZ,"German, active c. 1500",The Martyrdom of Saint Catherine,Print,engraving on laid paper,sheet: 31.2 x 25.9 cm (12 5/16 x 10 3/16 in.),Pepita Milmore Memorial Fund,2010.112.1,12,11
R-20150420-0017.jpg,Robert Havell after John James Audubon,"American, 1793 - 1878",Ruddy Duck,1836,Print,hand-colored etching and aquatint on Whatman paper,Gift of Mrs. Walter B. James,1945.8.343,12,12
R-20110111-0046.jpg,"Workshop of Hendrick Goltzius, after Hendrick Goltzius","Flemish, 1574/1575 - after 1655","Phaeton's Sisters Changed into Poplars, Cygnus into a Swan",Print,engraving on laid paper,plate: 17.5 x 25.2 cm (6 7/8 x 9 15/16 in.) sheet: 23.2 x 29.4 cm (9 1/8 x 11 9/16 in.),Ailsa Mellon Bruce Fund,2003.143.4,12,13
R-20091209-0018.jpg,Alphonse Legros,"French, 1837 - 1911",At the Foot of the Cross,Drawing,pen and brown ink with brown wash over graphite on laid paper,overall: 25.3 x 29.6 cm (9 15/16 x 11 5/8 in.),"Gift of George Matthew Adams in memory of his mother, Lydia Havens Adams",1946.4.3,12,14
R-20100812-0050.jpg,Alphonse Legros,"French, 1837 - 1911","Woodcutters, 3rd plate (Les bucherons)",Print,etching,Rosenwald Collection,1943.3.5450,Rapid Capture,12,15
R-20100512-0032.jpg,Nicolas P�rignon,"French, 1727 - 1782",Town on a River Bank with Two Round Towers,c. 1770,Print,etching on laid paper,plate: 12 x 18.1 cm (4 3/4 x 7 1/8 in.) sheet: 18.9 x 23.3 cm (7 7/16 x 9 3/16 in.),Ailsa Mellon Bruce Fund,12,16
R-20100512-0032 (1).jpg,Nicolas P�rignon,"French, 1727 - 1782",Town on a River Bank with Two Round Towers,c. 1770,Print,etching on laid paper,plate: 12 x 18.1 cm (4 3/4 x 7 1/8 in.) sheet: 18.9 x 23.3 cm (7 7/16 x 9 3/16 in.),Ailsa Mellon Bruce Fund,12,16
R-20091210-0055.jpg,German 12th Century,Initials V and D,third quarter 12th century,Drawing,miniature on vellum,overall: 10.3 x 13.5 cm (4 1/16 x 5 5/16 in.),Rosenwald Collection,1964.8.24,12,17
IAD-20140205-0038.jpg,Milton Grubstein,"American, active c. 1935",Maple Sugar Mold,c. 1937,Index of American Design,graphite on paper,"overall: 22.5 x 28.8 cm (8 7/8 x 11 5/16 in.) Original IAD Object: 16 1/2"" long; 8 7/8"" wide",Index of American Design,12,18
R-20101104-0018.jpg,Augustin Hirschvogel,"German, 1503 - 1553",The Adoration of the Magi,1548,Print,etching,Rosenwald Collection,1950.17.144,12,19
R-20100330-0054.jpg,Jacques Callot after Donato Mascagni,"French, 1592 - 1635",The Delivered Servant,1619,Print,engraving,R.L. Baumfeld Collection,1969.15.309,12,20
D-20160204-0042.jpg,Joris Hoefnagel,"Flemish, 1542 - 1600",Animalia Rationalia et Insecta (Ignis): Plate LXXIV,c. 1575/1580,Drawing,"watercolor and gouache, with oval border in gold, on vellum",page size (approximate): 14.3 x 18.4 cm (5 5/8 x 7 1/4 in.),Gift of Mrs. Lessing J. Rosenwald,12,21
D-20160607-0084.jpg,Joris Hoefnagel,"Flemish, 1542 - 1600",Animalia Qvadrvpedia et Reptilia (Terra): Plate XLI,c. 1575/1580,Drawing,"watercolor and gouache, with oval border in gold, on vellum",page size (approximate): 14.3 x 18.4 cm (5 5/8 x 7 1/4 in.),Gift of Mrs. Lessing J. Rosenwald,12,22
D-20160607-0084.jpg,Fran�ois-Edouard Picot,"French, 1786 - 1868",Vulcan Discovering Venus and Mars,Drawing,"pen and black ink, black wash and white gouache on brown prepared laid paper; laid down",overall: 22.4 x 29.8 cm (8 13/16 x 11 3/4 in.),Ailsa Mellon Bruce Fund,2000.60.1,12,23
R-20100329-0005.jpg,Ren� Boyvin after Rosso Fiorentino,"French, c. 1525 - c. 1625",The Conquest of Ignorance,1560s,Print,engraving on laid paper,sheet (cut within platemark): 28.7 x 42.5 cm (11 5/16 x 16 3/4 in.),Gift of Ruth Cole Kainen,12,24
R-20160217-0035.jpg,Honor� Daumier,"French, 1808 - 1879","Francois, votre cousin le pompier est venu ...",19th century,Print,lithograph,Corcoran Collection (Gift of Dr. Armand Hammer),2015.143.1033,12,25
INITIALIZING,artist,artistino,tit,dated,classif,medium,dimensions,credit,14,1
IAD-20140611-0013.jpg,Melita Hofmann,"American, active c. 1935",Doll,c. 1936,Index of American Design,graphite and colored pencil on paper,"overall: 29.8 x 22.2 cm (11 3/4 x 8 3/4 in.) Original IAD Object: 12"" high",Index of American Design,14,1
R-20111201-0068.jpg,Herman van Swanevelt,"Dutch, c. 1600 - 1655",Cows,Print,etching,Ailsa Mellon Bruce Fund,1973.32.26,Rapid Capture,14,2
R-20101001-0042.jpg,German 15th Century,Jesus Attracting the Faithful to Heart,1480/1490,Print,"woodcut, hand-colored in yellow, green, brown, red lake, and olive brown",Overall: 12.7 x 18.1 cm (5 x 7 1/8 in.) overall (external frame size): 31.8 x 39.4 cm (12 1/2 x 15 1/2 in.),Rosenwald Collection,1943.3.853,14,3
IAD-20131120-0040.jpg,Dorothy Johnson,"American, active c. 1935",Wardrobe,c. 1940,Index of American Design,"watercolor, colored pencil, and graphite on paperboard","overall: 45.6 x 35.5 cm (17 15/16 x 14 in.) Original IAD Object: 7'high; 4'wide; 1'6""deep",Index of American Design,14,4
R-20100512-0062.jpg,Augustin de Saint-Aubin,"French, 1736 - 1807",Pierre Corneille,1799,Print,engraving over etching on laid paper,plate: 17.2 x 11.5 cm (6 3/4 x 4 1/2 in.) sheet: 21.2 x 14.5 cm (8 3/8 x 5 11/16 in.),Gift of John O'Brien,14,5
R-20130322-0036.jpg,Joseph Pennell,"American, 1857 - 1926",The Great Hammer,1916,Print,lithograph,Rosenwald Collection,1943.3.7278,14,6
R-20101108-0021.jpg,Hans Holbein the Younger,"German, 1497/1498 - 1543",Physician,Print,woodcut,Rosenwald Collection,1964.8.1093,Rapid Capture,14,7
R-20091016-0028.jpg,Karel Vitezslav Masek,"Czech, 1865 - 1927",Ornamental design with two birds pecking at fruit,c.1890s,Drawing,watercolor with pen and brown ink and graphite,image: 10.7 x 10.6 cm (4 3/16 x 4 3/16 in.),Gift of the Anne and Jacques Baruch Collection,14,8
IAD-20131104-0024.jpg,Magnus S. Fossum,"American, 1888 - 1980","""Grandfather"" Clock",c. 1937,Index of American Design,"watercolor, colored pencil, gouache, and graphite on paperboard","overall: 37 x 28.8 cm (14 9/16 x 11 5/16 in.) Original IAD Object: 101""high; 20""wide; 11""deep",Index of American Design,14,9
R-20100119-0021.jpg,William Blake,"British, 1757 - 1827",The Fall of Satan,1825,Print,engraving on India paper,Gift of W.G. Russell Allen,1941.1.241,14,10
R-20100121-0033.jpg,Mark Catesby,"English, 1679 - 1749",The Coach-Whip Snake (Coluber flagellum),published 1731-1743,Print,hand-colored etching,Gift of Dr. and Mrs. George Benjamin Green,1967.10.8,14,11
sc000969.jpg,Claude Monet,"French, 1840 - 1926",Morning Haze,1888,Painting,oil on canvas,overall: 74 x 92.5 cm (29 1/8 x 36 7/16 in.) framed: 89.7 x 107 x 5.4 cm (35 5/16 x 42 1/8 x 2 1/8 in.),Chester Dale Collection,14,12
R-20101208-0041.jpg,Melchior K�sel after Johann Wilhelm Baur,"German, 1626 - 1683","Large Waterfall, Schwanburg",1681,Print,etching,Ailsa Mellon Bruce Fund,1975.23.42,14,13
R-20101208-0041.jpg,Clarence W. Dawson,"American, active c. 1935",Flower Urn,1935/1942,Index of American Design,watercolor and colored pencil on paperboard,overall: 31 x 43.1 cm (12 3/16 x 16 15/16 in.) Original IAD Object: 21 High 15 Dia,Index of American Design,14,14
IAD-20140402-0062.jpg,Hester Duany,"American, 1891 - 1964",Silver Bowl,1935/1942,Index of American Design,graphite on paper,overall: 22.5 x 29.4 cm (8 7/8 x 11 9/16 in.),Index of American Design,14,15
IAD-20130903-0085.jpg,Marian Page,"American, active c. 1935",Eagle,c. 1939,Index of American Design,"watercolor, graphite, and colored pencil on paperboard",overall: 35.7 x 53.4 cm (14 1/16 x 21 in.),Index of American Design,14,16
R-20150421-0024.jpg,Robert Havell after John James Audubon,"American, 1793 - 1878","Arkansaw Flycatcher, Swallow-tailed Flycatcher and Says Flycatcher",1837,Print,hand-colored etching and aquatint on Whatman paper,Gift of Mrs. Walter B. James,1945.8.359,14,17
R-20150421-0024.jpg,Annie B. Johnston,"American, active c. 1935",Powder Horn,1938,Index of American Design,"watercolor, graphite, and pen and ink on paper","overall: 22.9 x 27.8 cm (9 x 10 15/16 in.) Original IAD Object: 7"" long; 2"" in diameter",Index of American Design,14,19
R-20100331-0037.jpg,Jacques Callot,"French, 1592 - 1635","Officer, Front View",1617 and 1621,Print,etching,R.L. Baumfeld Collection,1969.15.373,14,20
IAD-20140228-0044.jpg,Sidney Liswood,"American, active c. 1935",Pewter Pitcher,c. 1936,Index of American Design,graphite on paper,"overall: 29 x 23 cm (11 7/16 x 9 1/16 in.) Original IAD Object: 10 5/8"" high; 5 3/8"" in diameter",Index of American Design,14,21
R-20101006-0028.jpg,Ludwig of Ulm,"German, active 1450/1470",Christ in Limbo,Print,hand-colored woodcut (blockbook page),Overall: 11.2 x 8 cm (4 7/16 x 3 1/8 in.) overall (external frame dimensions): 59.7 x 44.5 cm (23 1/2 x 17 1/2 in.),Andrew W. Mellon Fund,1968.18.8,14,22
IAD-20130604-0031.jpg,Walter Hochstrasser,"American, active c. 1935",Toy Bank: Policeman,c. 1939,Index of American Design,"watercolor, graphite, and gouache on paper","overall: 36.4 x 28.7 cm (14 5/16 x 11 5/16 in.) Original IAD Object: 6"" high",Index of American Design,14,23
RS-20170824-0004.jpg,Danese Cattaneo,"Venetian, c. 1509 - 1573","Giovanni de' Medici delle Bande Nere, 1498-1526 [obverse]",Sculpture,bronze,overall (diameter): 9.97 cm (3 15/16 in.) gross weight: 332.75 gr (0.734 lb.) axis: 12:00,Samuel H. Kress Collection,1957.14.1325.a,14,24
IAD-20131206-0032.jpg,Janet Riza,"American, active c. 1935",Carafe,c. 1937,Index of American Design,"watercolor, graphite, and gouache on paperboard",overall: 29 x 22.7 cm (11 7/16 x 8 15/16 in.),Index of American Design,14,25
INITIALIZING,artist,artistino,tit,dated,classif,medium,dimensions,credit,13,1
